{"chunk_definitions":[{"row":14,"row_count":1,"visible":true,"expansion_state":0,"options":{"engine":"r","include":false,"label":"unnamed-chunk-3"},"document_id":"8E28F78B","chunk_id":"cclotox44c1xf","chunk_label":"unnamed-chunk-1"},{"row":22,"row_count":1,"visible":true,"expansion_state":0,"options":{"engine":"r","message":false,"label":"unnamed-chunk-5"},"document_id":"8E28F78B","chunk_id":"c3iwloo94ikrs","chunk_label":"unnamed-chunk-2"},{"row":42,"row_count":1,"visible":true,"expansion_state":0,"options":{"engine":"r","message":false,"label":"unnamed-chunk-5"},"document_id":"8E28F78B","chunk_id":"c8tsj5ijwdhjl","chunk_label":"unnamed-chunk-4"}],"doc_write_time":1600387658}